member,station,x_mm,y_mm,z_mm,outside_diameter_mm
dash_crossbar,0,0.0,0.0,0.0,44.45
dash_crossbar,1,782.2522669922362,0.0,0.0,44.45
driver_upright,0,-0.3562537233034959,-1.061337692689193,-166.51913618814726,44.45
driver_upright,1,0.2059389133870404,-1.0605388316088522,94.3600486189776,44.45
driver_upright,2,0.21446632492872553,-1.0792566836217645,96.62588898776454,44.45
driver_upright,3,0.23035095758793034,-1.1354049332286706,98.8910712550595,44.45
driver_upright,4,0.2535883081384753,-1.2289676626381834,101.15495325126888,44.45
driver_upright,5,0.2841717888897435,-1.3599183472122434,103.41689317542046,44.45
driver_upright,6,0.3220927295542815,-1.5282198629855372,105.67624977711122,44.45
driver_upright,7,0.36734037970576594,-1.733824497190028,107.93238253829918,44.45
driver_upright,8,0.419901911826738,-1.9766739617814437,110.18465185488742,44.45
driver_upright,9,0.47976242494510757,-2.2566994099635735,112.4324192180493,44.45
driver_upright,10,0.546904948858554,-2.573821455705996,114.67504739524294,44.45
driver_upright,11,0.6213104489454828,-2.9279501962498387,116.91190061086388,44.45
driver_upright,12,0.7029578315612675,-3.318985237594717,119.14234472648492,44.45
driver_upright,13,0.7918239500182302,-3.746815722960065,121.36574742063158,44.45
driver_upright,14,0.8878836111475756,-4.211320364212554,123.58147836804255,44.45
driver_upright,15,0.991109582441613,-4.712367476250677,125.78890941836436,44.45
driver_upright,16,1.1014725997739951,-5.249815014337059,127.98741477422917,44.45
driver_upright,17,1.218941375696037,-5.823510614367478,130.17637116866587,44.45
driver_upright,18,1.3434826083065161,-6.433291636065405,132.35515804179343,44.45
driver_upright,19,1.4750609906926648,-7.078985209089865,134.52315771674722,44.45
driver_upright,20,1.6136392209395005,-7.760408282043514,136.67975557478755,44.45
driver_upright,21,1.7591780127047834,-8.47736767436679,138.82434022954172,44.45
driver_upright,22,1.911636106356518,-9.229660131103913,140.95630370032933,44.45
driver_upright,23,2.070970280669872,-10.01707238052478,143.07504158452215,44.45
driver_upright,24,2.2371353650802455,-10.83938119458655,145.17995322889,44.45
driver_upright,25,2.410084252488897,-11.696353452217863,147.2704418998831,44.45
driver_upright,26,2.5897679126176243,-12.587746205407754,149.3459149528037,44.45
driver_upright,27,2.7761354059086436,-13.513306748080268,151.40578399981817,44.45
driver_upright,28,2.9691338979657296,-14.472772687735628,153.44946507676266,44.45
driver_upright,29,3.1687086745325637,-15.465872019837448,155.4763788086944,44.45
driver_upright,30,3.374803157003967,-16.4923232049248,157.4859505741419,44.45
driver_upright,31,3.5873589184656964,-17.551835248427395,159.4776106680079,44.45
driver_upright,32,3.806315700258267,-18.644107783161516,161.45079446307838,44.45
driver_upright,33,4.031611429059971,-19.76883115448264,163.40494257009175,44.45
driver_upright,34,4.2631822344844466,-20.92568650807128,165.33950099632355,44.45
driver_upright,35,4.500962467187652,-22.114345880326994,167.25392130264095,44.45
driver_upright,36,4.744884717479145,-23.334472291344355,169.14766075898302,44.45
driver_upright,37,4.994879834432503,-24.58571984044569,171.02018249822225,44.45
driver_upright,38,5.25087694548926,-25.867733804242192,172.87095566836427,44.45
driver_upright,39,5.512803476551017,-27.180150737196584,174.69945558304204,44.45
driver_upright,40,5.780585172553881,-28.522598574658474,176.50516387026232,44.45
driver_upright,41,6.054146118519444,-29.894696738342986,178.2875686193617,44.45
driver_upright,42,6.333408761076392,-31.296056244223138,180.04616452613155,44.45
driver_upright,43,6.6182939304465265,-32.726279812805274,181.78045303606905,44.45
driver_upright,44,6.908720862889073,-34.18496198175586,183.48994248571586,44.45
driver_upright,45,7.20460722359687,-35.67168922084865,185.17414824204218,44.45
driver_upright,46,7.505869130037933,-37.18604004919858,186.8325928398384,44.45
driver_upright,47,7.812421175735775,-38.72758515474979,188.4648061170745,44.45
driver_upright,48,8.12417645448182,-40.29588751598389,190.0703253481887,44.45
driver_upright,49,8.441046584972934,-41.89050252581366,191.64869537526863,44.45
driver_upright,50,8.76294173586711,-43.51097811762723,193.19946873708636,44.45
driver_upright,51,9.08977065125034,-45.15685489344716,194.72220579595182,44.45
driver_upright,52,9.421440676507231,-46.82766625416768,196.21647486234826,44.45
driver_upright,53,9.757857784588218,-48.522938531833745,197.6818523173146,44.45
driver_upright,54,10.09892660266583,-50.24219112392373,199.1179227325391,44.45
driver_upright,55,10.444550439172485,-51.98493662959828,200.52427898813215,44.45
driver_upright,56,10.794631311212134,-53.750680987876464,201.90052238804253,44.45
driver_upright,57,11.149069972338006,-55.538923617699794,203.24626277308639,44.45
driver_upright,58,11.507765940688557,-57.34915755984501,204.56111863155553,44.45
driver_upright,59,11.870617527473636,-59.180869620644785,205.84471720737446,44.45
driver_upright,60,12.237521865802854,-61.03354051747597,207.0966946057751,44.45
driver_upright,61,36.38009331538531,-182.93549421810346,287.9767642021159,44.45
